<?xml version="1.0" encoding="UTF-8"?>
<project-private xmlns="http://www.netbeans.org/ns/project-private/1">
    <editor-bookmarks xmlns="http://www.netbeans.org/ns/editor-bookmarks/2" lastBookmarkId="0"/>
    <open-files xmlns="http://www.netbeans.org/ns/projectui-open-files/2">
        <group>
            <file>file:/C:/Users/le284/Downloads/ASMPRJ_Full/ASMPRJ_Full/ASMPRJ_1_1_12_1/web/add_user.jsp</file>
            <file>file:/C:/Users/le284/Downloads/ASMPRJ_Full/ASMPRJ_Full/ASMPRJ_1_1_12_1/web/PoliceDashboard.jsp</file>
            <file>file:/C:/Users/le284/Downloads/ASMPRJ_Full/ASMPRJ_Full/ASMPRJ_1_1_12_1/web/includes/header.jsp</file>
            <file>file:/C:/Users/le284/Downloads/ASMPRJ_Full/ASMPRJ_Full/ASMPRJ_1_1_12_1/src/java/untils/DBConnection.java</file>
            <file>file:/C:/Users/le284/Downloads/ASMPRJ_Full/ASMPRJ_Full/ASMPRJ_1_1_12_1/test/UserDAOTest.java</file>
            <file>file:/C:/Users/le284/Downloads/ASMPRJ_Full/ASMPRJ_Full/ASMPRJ_1_1_12_1/web/includes/footer.jsp</file>
            <file>file:/C:/Users/le284/Downloads/ASMPRJ_Full/ASMPRJ_Full/ASMPRJ_1_1_12_1/web/report.jsp</file>
            <file>file:/C:/Users/le284/Downloads/ASMPRJ_Full/ASMPRJ_Full/ASMPRJ_1_1_12_1/src/java/controller/LogoutServlet.java</file>
            <file>file:/C:/Users/le284/Downloads/ASMPRJ_Full/ASMPRJ_Full/ASMPRJ_1_1_12_1/web/WEB-INF/web.xml</file>
            <file>file:/C:/Users/le284/Downloads/ASMPRJ_Full/ASMPRJ_Full/ASMPRJ_1_1_12_1/web/admin.jsp</file>
            <file>file:/C:/Users/le284/Downloads/ASMPRJ_Full/ASMPRJ_Full/ASMPRJ_1_1_12_1/src/java/controller/RegisterServlet.java</file>
            <file>file:/C:/Users/le284/Downloads/ASMPRJ_Full/ASMPRJ_Full/ASMPRJ_1_1_12_1/web/includes/headerci.jsp</file>
            <file>file:/C:/Users/le284/Downloads/ASMPRJ_Full/ASMPRJ_Full/ASMPRJ_1_1_12_1/src/java/untils/PasswordUtil.java</file>
            <file>file:/C:/Users/le284/Downloads/ASMPRJ_Full/ASMPRJ_Full/ASMPRJ_1_1_12_1/src/java/model/User.java</file>
            <file>file:/C:/Users/le284/Downloads/ASMPRJ_Full/ASMPRJ_Full/ASMPRJ_1_1_12_1/web/report_error.jsp</file>
            <file>file:/C:/Users/le284/Downloads/ASMPRJ_Full/ASMPRJ_Full/ASMPRJ_1_1_12_1/test/ReportDAOTest.java</file>
            <file>file:/C:/Users/le284/Downloads/ASMPRJ_Full/ASMPRJ_Full/ASMPRJ_1_1_12_1/src/java/dao/ReportDAO.java</file>
            <file>file:/C:/Users/le284/Downloads/ASMPRJ_Full/ASMPRJ_Full/ASMPRJ_1_1_12_1/src/java/controller/RPServlet.java</file>
        </group>
    </open-files>
</project-private>
